,Pokemon,Ndex,Type1,Type2,Total,Hp,Attack,Defense,Special Attack,Special Defense,Speed
1,Bulbasaur,001,Grass,Poison,318,45,49,49,65,65,45
2,Ivysaur,002,Grass,Poison,405,60,62,63,80,80,60
3,Venusaur,003,Grass,Poison,525,80,82,83,100,100,80
4,Venusaur,003,Grass,Poison,625,80,100,123,122,120,80
5,Charmander,004,Fire,,309,39,52,43,60,50,65
6,Charmeleon,005,Fire,,405,58,64,58,80,65,80
7,Charizard,006,Fire,Flying,534,78,84,78,109,85,100
8,Charizard,006,Fire,Dragon,634,78,130,111,130,85,100
9,Charizard,006,Fire,Flying,634,78,104,78,159,115,100
10,Squirtle,007,Water,,314,44,48,65,50,64,43
11,Wartortle,008,Water,,405,59,63,80,65,80,58
12,Blastoise,009,Water,,530,79,83,100,85,105,78
13,Blastoise,009,Water,,630,79,103,120,135,115,78
14,Caterpie,010,Bug,,195,45,30,35,20,20,45
15,Metapod,011,Bug,,205,50,20,55,25,25,30
16,Butterfree,012,Bug,Flying,395,60,45,50,90,80,70
17,Weedle,013,Bug,Poison,195,40,35,30,20,20,50
18,Kakuna,014,Bug,Poison,205,45,25,50,25,25,35
19,Beedrill,015,Bug,Poison,395,65,90,40,45,80,75
20,Beedrill,015,Bug,Poison,495,65,150,40,15,80,145
21,Pidgey,016,Normal,Flying,251,40,45,40,35,35,56
22,Pidgeotto,017,Normal,Flying,349,63,60,55,50,50,71
23,Pidgeot,018,Normal,Flying,479,83,80,75,70,70,101
24,Pidgeot,018,Normal,Flying,579,83,80,80,135,80,121
25,Rattata,019,Normal,,253,30,56,35,25,35,72
26,Rattata,019,Dark,Normal,253,30,56,35,25,35,72
27,Raticate,020,Normal,,413,55,81,60,50,70,97
28,Raticate,020,Dark,Normal,413,75,71,70,40,80,77
29,Spearow,021,Normal,Flying,262,40,60,30,31,31,70
30,Fearow,022,Normal,Flying,442,65,90,65,61,61,100
31,Ekans,023,Poison,,288,35,60,44,40,54,55
32,Arbok,024,Poison,,448,60,95,69,65,79,80
33,Pikachu,025,Electric,,320,35,55,40,50,50,90
34,Pikachu,025,Electric,,430,45,80,50,75,60,120
35,Raichu,026,Electric,,485,60,90,55,90,80,110
36,Raichu,026,Electric,Psychic,485,60,85,50,95,85,110
37,Sandshrew,027,Ground,,300,50,75,85,20,30,40
38,Sandshrew,027,Ice,Steel,300,50,75,90,10,35,40
39,Sandslash,028,Ground,,450,75,100,110,45,55,65
40,Sandslash,028,Ice,Steel,450,75,100,120,25,65,65
41,Nidoran♀,029,Poison,,275,55,47,52,40,40,41
42,Nidorina,030,Poison,,365,70,62,67,55,55,56
43,Nidoqueen,031,Poison,Ground,505,90,92,87,75,85,76
44,Nidoran♂,032,Poison,,273,46,57,40,40,40,50
45,Nidorino,033,Poison,,365,61,72,57,55,55,65
46,Nidoking,034,Poison,Ground,505,81,102,77,85,75,85
47,Clefairy,035,Fairy,,323,70,45,48,60,65,35
48,Clefable,036,Fairy,,483,95,70,73,95,90,60
49,Vulpix,037,Fire,,299,38,41,40,50,65,65
50,Vulpix,037,Ice,,299,38,41,40,50,65,65
51,Ninetales,038,Fire,,505,73,76,75,81,100,100
52,Ninetales,038,Ice,Fairy,505,73,67,75,81,100,109
53,Jigglypuff,039,Normal,Fairy,270,115,45,20,45,25,20
54,Wigglytuff,040,Normal,Fairy,435,140,70,45,85,50,45
55,Zubat,041,Poison,Flying,245,40,45,35,30,40,55
56,Golbat,042,Poison,Flying,455,75,80,70,65,75,90
57,Oddish,043,Grass,Poison,320,45,50,55,75,65,30
58,Gloom,044,Grass,Poison,395,60,65,70,85,75,40
59,Vileplume,045,Grass,Poison,490,75,80,85,110,90,50
60,Paras,046,Bug,Grass,285,35,70,55,45,55,25
61,Parasect,047,Bug,Grass,405,60,95,80,60,80,30
62,Venonat,048,Bug,Poison,305,60,55,50,40,55,45
63,Venomoth,049,Bug,Poison,450,70,65,60,90,75,90
64,Diglett,050,Ground,,265,10,55,25,35,45,95
65,Diglett,050,Ground,Steel,265,10,55,30,35,45,90
66,Dugtrio,051,Ground,,425,35,100,50,50,70,120
67,Dugtrio,051,Ground,Steel,425,35,100,60,50,70,110
68,Meowth,052,Normal,,290,40,45,35,40,40,90
69,Meowth,052,Dark,,290,40,35,35,50,40,90
70,Meowth,052,Steel,,290,50,65,55,40,40,40
71,Persian,053,Normal,,440,65,70,60,65,65,115
72,Persian,053,Dark,,440,65,60,60,75,65,115
73,Psyduck,054,Water,,320,50,52,48,65,50,55
74,Golduck,055,Water,,500,80,82,78,95,80,85
75,Mankey,056,Fighting,,305,40,80,35,35,45,70
76,Primeape,057,Fighting,,455,65,105,60,60,70,95
77,Growlithe,058,Fire,,350,55,70,45,70,50,60
78,Arcanine,059,Fire,,555,90,110,80,100,80,95
79,Poliwag,060,Water,,300,40,50,40,40,40,90
80,Poliwhirl,061,Water,,385,65,65,65,50,50,90
81,Poliwrath,062,Water,Fighting,510,90,95,95,70,90,70
82,Abra,063,Psychic,,310,25,20,15,105,55,90
83,Kadabra,064,Psychic,,400,40,35,30,120,70,105
84,Alakazam,065,Psychic,,500,55,50,45,135,95,120
85,Alakazam,065,Psychic,,600,55,50,65,175,105,150
86,Machop,066,Fighting,,305,70,80,50,35,35,35
87,Machoke,067,Fighting,,405,80,100,70,50,60,45
88,Machamp,068,Fighting,,505,90,130,80,65,85,55
89,Bellsprout,069,Grass,Poison,300,50,75,35,70,30,40
90,Weepinbell,070,Grass,Poison,390,65,90,50,85,45,55
91,Victreebel,071,Grass,Poison,490,80,105,65,100,70,70
92,Tentacool,072,Water,Poison,335,40,40,35,50,100,70
93,Tentacruel,073,Water,Poison,515,80,70,65,80,120,100
94,Geodude,074,Rock,Ground,300,40,80,100,30,30,20
95,Geodude,074,Rock,Electric,300,40,80,100,30,30,20
96,Graveler,075,Rock,Ground,390,55,95,115,45,45,35
97,Graveler,075,Rock,Electric,390,55,95,115,45,45,35
98,Golem,076,Rock,Ground,495,80,120,130,55,65,45
99,Golem,076,Rock,Electric,495,80,120,130,55,65,45
100,Ponyta,077,Fire,,410,50,85,55,65,65,90
101,Ponyta,077,Psychic,,410,50,85,55,65,65,90
102,Rapidash,078,Fire,,500,65,100,70,80,80,105
103,Rapidash,078,Psychic,Fairy,500,65,100,70,80,80,105
104,Slowpoke,079,Water,Psychic,315,90,65,65,40,40,15
105,Slowpoke,079,Psychic,,315,90,65,65,40,40,15
106,Slowbro,080,Water,Psychic,490,95,75,110,100,80,30
107,Slowbro,080,Water,Psychic,590,95,75,180,130,80,30
108,Slowbro,080,Poison,Psychic,490,95,100,95,100,70,30
109,Magnemite,081,Electric,Steel,325,25,35,70,95,55,45
110,Magneton,082,Electric,Steel,465,50,60,95,120,70,70
111,Farfetch'd,083,Normal,Flying,377,52,90,55,58,62,60
112,Farfetch'd,083,Fighting,,377,52,95,55,58,62,55
113,Doduo,084,Normal,Flying,310,35,85,45,35,35,75
114,Dodrio,085,Normal,Flying,470,60,110,70,60,60,110
115,Seel,086,Water,,325,65,45,55,45,70,45
116,Dewgong,087,Water,Ice,475,90,70,80,70,95,70
117,Grimer,088,Poison,,325,80,80,50,40,50,25
118,Grimer,088,Poison,Dark,325,80,80,50,40,50,25
119,Muk,089,Poison,,500,105,105,75,65,100,50
120,Muk,089,Poison,Dark,500,105,105,75,65,100,50
121,Shellder,090,Water,,305,30,65,100,45,25,40
122,Cloyster,091,Water,Ice,525,50,95,180,85,45,70
123,Gastly,092,Ghost,Poison,310,30,35,30,100,35,80
124,Haunter,093,Ghost,Poison,405,45,50,45,115,55,95
125,Gengar,094,Ghost,Poison,500,60,65,60,130,75,110
126,Gengar,094,Ghost,Poison,600,60,65,80,170,95,130
127,Onix,095,Rock,Ground,385,35,45,160,30,45,70
128,Drowzee,096,Psychic,,328,60,48,45,43,90,42
129,Hypno,097,Psychic,,483,85,73,70,73,115,67
130,Krabby,098,Water,,325,30,105,90,25,25,50
131,Kingler,099,Water,,475,55,130,115,50,50,75
132,Voltorb,100,Electric,,330,40,30,50,55,55,100
133,Electrode,101,Electric,,490,60,50,70,80,80,150
134,Exeggcute,102,Grass,Psychic,325,60,40,80,60,45,40
135,Exeggutor,103,Grass,Psychic,530,95,95,85,125,75,55
136,Exeggutor,103,Grass,Dragon,530,95,105,85,125,75,45
137,Cubone,104,Ground,,320,50,50,95,40,50,35
138,Marowak,105,Ground,,425,60,80,110,50,80,45
139,Marowak,105,Fire,Ghost,425,60,80,110,50,80,45
140,Hitmonlee,106,Fighting,,455,50,120,53,35,110,87
141,Hitmonchan,107,Fighting,,455,50,105,79,35,110,76
142,Lickitung,108,Normal,,385,90,55,75,60,75,30
143,Koffing,109,Poison,,340,40,65,95,60,45,35
144,Weezing,110,Poison,,490,65,90,120,85,70,60
145,Weezing,110,Poison,Fairy,490,65,90,120,85,70,60
146,Rhyhorn,111,Ground,Rock,345,80,85,95,30,30,25
147,Rhydon,112,Ground,Rock,485,105,130,120,45,45,40
148,Chansey,113,Normal,,450,250,5,5,35,105,50
149,Tangela,114,Grass,,435,65,55,115,100,40,60
150,Kangaskhan,115,Normal,,490,105,95,80,40,80,90
151,Kangaskhan,115,Normal,,590,105,125,100,60,100,100
152,Horsea,116,Water,,295,30,40,70,70,25,60
153,Seadra,117,Water,,440,55,65,95,95,45,85
154,Goldeen,118,Water,,320,45,67,60,35,50,63
155,Seaking,119,Water,,450,80,92,65,65,80,68
156,Staryu,120,Water,,340,30,45,55,70,55,85
157,Starmie,121,Water,Psychic,520,60,75,85,100,85,115
158,Mr. Mime,122,Psychic,Fairy,460,40,45,65,100,120,90
159,Mr. Mime,122,Psychic,Ice,460,50,65,65,90,90,100
160,Scyther,123,Bug,Flying,500,70,110,80,55,80,105
161,Jynx,124,Ice,Psychic,455,65,50,35,115,95,95
162,Electabuzz,125,Electric,,490,65,83,57,95,85,105
163,Magmar,126,Fire,,495,65,95,57,100,85,93
164,Pinsir,127,Bug,,500,65,125,100,55,70,85
165,Pinsir,127,Bug,Flying,600,65,155,120,65,90,105
166,Tauros,128,Normal,,490,75,100,95,40,70,110
167,Magikarp,129,Water,,200,20,10,55,15,20,80
168,Gyarados,130,Water,Flying,540,95,125,79,60,100,81
169,Gyarados,130,Water,Dark,640,95,155,109,70,130,81
170,Lapras,131,Water,Ice,535,130,85,80,85,95,60
171,Ditto,132,Normal,,288,48,48,48,48,48,48
172,Eevee,133,Normal,,325,55,55,50,45,65,55
173,Eevee,133,Normal,,435,65,75,70,65,85,75
174,Vaporeon,134,Water,,525,130,65,60,110,95,65
175,Jolteon,135,Electric,,525,65,65,60,110,95,130
176,Flareon,136,Fire,,525,65,130,60,95,110,65
177,Porygon,137,Normal,,395,65,60,70,85,75,40
178,Omanyte,138,Rock,Water,355,35,40,100,90,55,35
179,Omastar,139,Rock,Water,495,70,60,125,115,70,55
180,Kabuto,140,Rock,Water,355,30,80,90,55,45,55
181,Kabutops,141,Rock,Water,495,60,115,105,65,70,80
182,Aerodactyl,142,Rock,Flying,515,80,105,65,60,75,130
183,Aerodactyl,142,Rock,Flying,615,80,135,85,70,95,150
184,Snorlax,143,Normal,,540,160,110,65,65,110,30
185,Articuno,144,Ice,Flying,580,90,85,100,95,125,85
186,Zapdos,145,Electric,Flying,580,90,90,85,125,90,100
187,Moltres,146,Fire,Flying,580,90,100,90,125,85,90
188,Dratini,147,Dragon,,300,41,64,45,50,50,50
189,Dragonair,148,Dragon,,420,61,84,65,70,70,70
190,Dragonite,149,Dragon,Flying,600,91,134,95,100,100,80
191,Mewtwo,150,Psychic,,680,106,110,90,154,90,130
192,Mewtwo,150,Psychic,Fighting,780,106,190,100,154,100,130
193,Mewtwo,150,Psychic,,780,106,150,70,194,120,140
194,Mew,151,Psychic,,600,100,100,100,100,100,100
195,Chikorita,152,Grass,,318,45,49,65,49,65,45
196,Bayleef,153,Grass,,405,60,62,80,63,80,60
197,Meganium,154,Grass,,525,80,82,100,83,100,80
198,Cyndaquil,155,Fire,,309,39,52,43,60,50,65
199,Quilava,156,Fire,,405,58,64,58,80,65,80
200,Typhlosion,157,Fire,,534,78,84,78,109,85,100
201,Totodile,158,Water,,314,50,65,64,44,48,43
202,Croconaw,159,Water,,405,65,80,80,59,63,58
203,Feraligatr,160,Water,,530,85,105,100,79,83,78
204,Sentret,161,Normal,,215,35,46,34,35,45,20
205,Furret,162,Normal,,415,85,76,64,45,55,90
206,Hoothoot,163,Normal,Flying,262,60,30,30,36,56,50
207,Noctowl,164,Normal,Flying,452,100,50,50,86,96,70
208,Ledyba,165,Bug,Flying,265,40,20,30,40,80,55
209,Ledian,166,Bug,Flying,390,55,35,50,55,110,85
210,Spinarak,167,Bug,Poison,250,40,60,40,40,40,30
211,Ariados,168,Bug,Poison,400,70,90,70,60,70,40
212,Crobat,169,Poison,Flying,535,85,90,80,70,80,130
213,Chinchou,170,Water,Electric,330,75,38,38,56,56,67
214,Lanturn,171,Water,Electric,460,125,58,58,76,76,67
215,Pichu,172,Electric,,205,20,40,15,35,35,60
216,Cleffa,173,Fairy,,218,50,25,28,45,55,15
217,Igglybuff,174,Normal,Fairy,210,90,30,15,40,20,15
218,Togepi,175,Fairy,,245,35,20,65,40,65,20
219,Togetic,176,Fairy,Flying,405,55,40,85,80,105,40
220,Natu,177,Psychic,Flying,320,40,50,45,70,45,70
221,Xatu,178,Psychic,Flying,470,65,75,70,95,70,95
222,Mareep,179,Electric,,280,55,40,40,65,45,35
223,Flaaffy,180,Electric,,365,70,55,55,80,60,45
224,Ampharos,181,Electric,,510,90,75,85,115,90,55
225,Ampharos,181,Electric,Dragon,610,90,95,105,165,110,45
226,Bellossom,182,Grass,,490,75,80,95,90,100,50
227,Marill,183,Water,Fairy,250,70,20,50,20,50,40
228,Azumarill,184,Water,Fairy,420,100,50,80,60,80,50
229,Sudowoodo,185,Rock,,410,70,100,115,30,65,30
230,Politoed,186,Water,,500,90,75,75,90,100,70
231,Hoppip,187,Grass,Flying,250,35,35,40,35,55,50
232,Skiploom,188,Grass,Flying,340,55,45,50,45,65,80
233,Jumpluff,189,Grass,Flying,460,75,55,70,55,95,110
234,Aipom,190,Normal,,360,55,70,55,40,55,85
235,Sunkern,191,Grass,,180,30,30,30,30,30,30
236,Sunflora,192,Grass,,425,75,75,55,105,85,30
237,Yanma,193,Bug,Flying,390,65,65,45,75,45,95
238,Wooper,194,Water,Ground,210,55,45,45,25,25,15
239,Quagsire,195,Water,Ground,430,95,85,85,65,65,35
240,Espeon,196,Psychic,,525,65,65,60,130,95,110
241,Umbreon,197,Dark,,525,95,65,110,60,130,65
242,Murkrow,198,Dark,Flying,405,60,85,42,85,42,91
243,Slowking,199,Water,Psychic,490,95,75,80,100,110,30
244,Misdreavus,200,Ghost,,435,60,60,60,85,85,85
245,Unown,201,Psychic,,336,48,72,48,72,48,48
246,Wobbuffet,202,Psychic,,405,190,33,58,33,58,33
247,Girafarig,203,Normal,Psychic,455,70,80,65,90,65,85
248,Pineco,204,Bug,,290,50,65,90,35,35,15
249,Forretress,205,Bug,Steel,465,75,90,140,60,60,40
250,Dunsparce,206,Normal,,415,100,70,70,65,65,45
251,Gligar,207,Ground,Flying,430,65,75,105,35,65,85
252,Steelix,208,Steel,Ground,510,75,85,200,55,65,30
253,Steelix,208,Steel,Ground,610,75,125,230,55,95,30
254,Snubbull,209,Fairy,,300,60,80,50,40,40,30
255,Granbull,210,Fairy,,450,90,120,75,60,60,45
256,Qwilfish,211,Water,Poison,440,65,95,85,55,55,85
257,Scizor,212,Bug,Steel,500,70,130,100,55,80,65
258,Scizor,212,Bug,Steel,600,70,150,140,65,100,75
259,Shuckle,213,Bug,Rock,505,20,10,230,10,230,5
260,Heracross,214,Bug,Fighting,500,80,125,75,40,95,85
261,Heracross,214,Bug,Fighting,600,80,185,115,40,105,75
262,Sneasel,215,Dark,Ice,430,55,95,55,35,75,115
263,Teddiursa,216,Normal,,330,60,80,50,50,50,40
264,Ursaring,217,Normal,,500,90,130,75,75,75,55
265,Slugma,218,Fire,,250,40,40,40,70,40,20
266,Magcargo,219,Fire,Rock,430,60,50,120,90,80,30
267,Swinub,220,Ice,Ground,250,50,50,40,30,30,50
268,Piloswine,221,Ice,Ground,450,100,100,80,60,60,50
269,Corsola,222,Water,Rock,410,65,55,95,65,95,35
270,Corsola,222,Ghost,,410,60,55,100,65,100,30
271,Remoraid,223,Water,,300,35,65,35,65,35,65
272,Octillery,224,Water,,480,75,105,75,105,75,45
273,Delibird,225,Ice,Flying,330,45,55,45,65,45,75
274,Mantine,226,Water,Flying,485,85,40,70,80,140,70
275,Skarmory,227,Steel,Flying,465,65,80,140,40,70,70
276,Houndour,228,Dark,Fire,330,45,60,30,80,50,65
277,Houndoom,229,Dark,Fire,500,75,90,50,110,80,95
278,Houndoom,229,Dark,Fire,600,75,90,90,140,90,115
279,Kingdra,230,Water,Dragon,540,75,95,95,95,95,85
280,Phanpy,231,Ground,,330,90,60,60,40,40,40
281,Donphan,232,Ground,,500,90,120,120,60,60,50
282,Porygon2,233,Normal,,515,85,80,90,105,95,60
283,Stantler,234,Normal,,465,73,95,62,85,65,85
284,Smeargle,235,Normal,,250,55,20,35,20,45,75
285,Tyrogue,236,Fighting,,210,35,35,35,35,35,35
286,Hitmontop,237,Fighting,,455,50,95,95,35,110,70
287,Smoochum,238,Ice,Psychic,305,45,30,15,85,65,65
288,Elekid,239,Electric,,360,45,63,37,65,55,95
289,Magby,240,Fire,,365,45,75,37,70,55,83
290,Miltank,241,Normal,,490,95,80,105,40,70,100
291,Blissey,242,Normal,,540,255,10,10,75,135,55
292,Raikou,243,Electric,,580,90,85,75,115,100,115
293,Entei,244,Fire,,580,115,115,85,90,75,100
294,Suicune,245,Water,,580,100,75,115,90,115,85
295,Larvitar,246,Rock,Ground,300,50,64,50,45,50,41
296,Pupitar,247,Rock,Ground,410,70,84,70,65,70,51
297,Tyranitar,248,Rock,Dark,600,100,134,110,95,100,61
298,Tyranitar,248,Rock,Dark,700,100,164,150,95,120,71
299,Lugia,249,Psychic,Flying,680,106,90,130,90,154,110
300,Ho-oh,250,Fire,Flying,680,106,130,90,110,154,90
301,Celebi,251,Psychic,Grass,600,100,100,100,100,100,100
302,Treecko,252,Grass,,310,40,45,35,65,55,70
303,Grovyle,253,Grass,,405,50,65,45,85,65,95
304,Sceptile,254,Grass,,530,70,85,65,105,85,120
305,Sceptile,254,Grass,Dragon,630,70,110,75,145,85,145
306,Torchic,255,Fire,,310,45,60,40,70,50,45
307,Combusken,256,Fire,Fighting,405,60,85,60,85,60,55
308,Blaziken,257,Fire,Fighting,530,80,120,70,110,70,80
309,Blaziken,257,Fire,Fighting,630,80,160,80,130,80,100
310,Mudkip,258,Water,,310,50,70,50,50,50,40
311,Marshtomp,259,Water,Ground,405,70,85,70,60,70,50
312,Swampert,260,Water,Ground,535,100,110,90,85,90,60
313,Swampert,260,Water,Ground,635,100,150,110,95,110,70
314,Poochyena,261,Dark,,220,35,55,35,30,30,35
315,Mightyena,262,Dark,,420,70,90,70,60,60,70
316,Zigzagoon,263,Normal,,240,38,30,41,30,41,60
317,Zigzagoon,263,Dark,Normal,240,38,30,41,30,41,60
318,Linoone,264,Normal,,420,78,70,61,50,61,100
319,Linoone,264,Dark,Normal,420,78,70,61,50,61,100
320,Wurmple,265,Bug,,195,45,45,35,20,30,20
321,Silcoon,266,Bug,,205,50,35,55,25,25,15
322,Beautifly,267,Bug,Flying,395,60,70,50,100,50,65
323,Cascoon,268,Bug,,205,50,35,55,25,25,15
324,Dustox,269,Bug,Poison,385,60,50,70,50,90,65
325,Lotad,270,Water,Grass,220,40,30,30,40,50,30
326,Lombre,271,Water,Grass,340,60,50,50,60,70,50
327,Ludicolo,272,Water,Grass,480,80,70,70,90,100,70
328,Seedot,273,Grass,,220,40,40,50,30,30,30
329,Nuzleaf,274,Grass,Dark,340,70,70,40,60,40,60
330,Shiftry,275,Grass,Dark,480,90,100,60,90,60,80
331,Taillow,276,Normal,Flying,270,40,55,30,30,30,85
332,Swellow,277,Normal,Flying,455,60,85,60,75,50,125
333,Wingull,278,Water,Flying,270,40,30,30,55,30,85
334,Pelipper,279,Water,Flying,440,60,50,100,95,70,65
335,Ralts,280,Psychic,Fairy,198,28,25,25,45,35,40
336,Kirlia,281,Psychic,Fairy,278,38,35,35,65,55,50
337,Gardevoir,282,Psychic,Fairy,518,68,65,65,125,115,80
338,Gardevoir,282,Psychic,Fairy,618,68,85,65,165,135,100
339,Surskit,283,Bug,Water,269,40,30,32,50,52,65
340,Masquerain,284,Bug,Flying,454,70,60,62,100,82,80
341,Shroomish,285,Grass,,295,60,40,60,40,60,35
342,Breloom,286,Grass,Fighting,460,60,130,80,60,60,70
343,Slakoth,287,Normal,,280,60,60,60,35,35,30
344,Vigoroth,288,Normal,,440,80,80,80,55,55,90
345,Slaking,289,Normal,,670,150,160,100,95,65,100
346,Nincada,290,Bug,Ground,266,31,45,90,30,30,40
347,Ninjask,291,Bug,Flying,456,61,90,45,50,50,160
348,Shedinja,292,Bug,Ghost,236,1,90,45,30,30,40
349,Whismur,293,Normal,,240,64,51,23,51,23,28
350,Loudred,294,Normal,,360,84,71,43,71,43,48
351,Exploud,295,Normal,,490,104,91,63,91,73,68
352,Makuhita,296,Fighting,,237,72,60,30,20,30,25
353,Hariyama,297,Fighting,,474,144,120,60,40,60,50
354,Azurill,298,Normal,Fairy,190,50,20,40,20,40,20
355,Nosepass,299,Rock,,375,30,45,135,45,90,30
356,Skitty,300,Normal,,260,50,45,45,35,35,50
357,Delcatty,301,Normal,,400,70,65,65,55,55,90
358,Sableye,302,Dark,Ghost,380,50,75,75,65,65,50
359,Sableye,302,Dark,Ghost,480,50,85,125,85,115,20
360,Mawile,303,Steel,Fairy,380,50,85,85,55,55,50
361,Mawile,303,Steel,Fairy,480,50,105,125,55,95,50
362,Aron,304,Steel,Rock,330,50,70,100,40,40,30
363,Lairon,305,Steel,Rock,430,60,90,140,50,50,40
364,Aggron,306,Steel,Rock,530,70,110,180,60,60,50
365,Aggron,306,Steel,,630,70,140,230,60,80,50
366,Meditite,307,Fighting,Psychic,280,30,40,55,40,55,60
367,Medicham,308,Fighting,Psychic,410,60,60,75,60,75,80
368,Medicham,308,Fighting,Psychic,510,60,100,85,80,85,100
369,Electrike,309,Electric,,295,40,45,40,65,40,65
370,Manectric,310,Electric,,475,70,75,60,105,60,105
371,Manectric,310,Electric,,575,70,75,80,135,80,135
372,Plusle,311,Electric,,405,60,50,40,85,75,95
373,Minun,312,Electric,,405,60,40,50,75,85,95
374,Volbeat,313,Bug,,430,65,73,75,47,85,85
375,Illumise,314,Bug,,430,65,47,75,73,85,85
376,Roselia,315,Grass,Poison,400,50,60,45,100,80,65
377,Gulpin,316,Poison,,302,70,43,53,43,53,40
378,Swalot,317,Poison,,467,100,73,83,73,83,55
379,Carvanha,318,Water,Dark,305,45,90,20,65,20,65
380,Sharpedo,319,Water,Dark,460,70,120,40,95,40,95
381,Sharpedo,319,Water,Dark,560,70,140,70,110,65,105
382,Wailmer,320,Water,,400,130,70,35,70,35,60
383,Wailord,321,Water,,500,170,90,45,90,45,60
384,Numel,322,Fire,Ground,305,60,60,40,65,45,35
385,Camerupt,323,Fire,Ground,460,70,100,70,105,75,40
386,Camerupt,323,Fire,Ground,560,70,120,100,145,105,20
387,Torkoal,324,Fire,,470,70,85,140,85,70,20
388,Spoink,325,Psychic,,330,60,25,35,70,80,60
389,Grumpig,326,Psychic,,470,80,45,65,90,110,80
390,Spinda,327,Normal,,360,60,60,60,60,60,60
391,Trapinch,328,Ground,,290,45,100,45,45,45,10
392,Vibrava,329,Ground,Dragon,340,50,70,50,50,50,70
393,Flygon,330,Ground,Dragon,520,80,100,80,80,80,100
394,Cacnea,331,Grass,,335,50,85,40,85,40,35
395,Cacturne,332,Grass,Dark,475,70,115,60,115,60,55
396,Swablu,333,Normal,Flying,310,45,40,60,40,75,50
397,Altaria,334,Dragon,Flying,490,75,70,90,70,105,80
398,Altaria,334,Dragon,Fairy,590,75,110,110,110,105,80
399,Zangoose,335,Normal,,458,73,115,60,60,60,90
400,Seviper,336,Poison,,458,73,100,60,100,60,65
401,Lunatone,337,Rock,Psychic,460,90,55,65,95,85,70
402,Solrock,338,Rock,Psychic,460,90,95,85,55,65,70
403,Barboach,339,Water,Ground,288,50,48,43,46,41,60
404,Whiscash,340,Water,Ground,468,110,78,73,76,71,60
405,Corphish,341,Water,,308,43,80,65,50,35,35
406,Crawdaunt,342,Water,Dark,468,63,120,85,90,55,55
407,Baltoy,343,Ground,Psychic,300,40,40,55,40,70,55
408,Claydol,344,Ground,Psychic,500,60,70,105,70,120,75
409,Lileep,345,Rock,Grass,355,66,41,77,61,87,23
410,Cradily,346,Rock,Grass,495,86,81,97,81,107,43
411,Anorith,347,Rock,Bug,355,45,95,50,40,50,75
412,Armaldo,348,Rock,Bug,495,75,125,100,70,80,45
413,Feebas,349,Water,,200,20,15,20,10,55,80
414,Milotic,350,Water,,540,95,60,79,100,125,81
415,Castform,351,Normal,,420,70,70,70,70,70,70
416,Castform,351,Fire,,420,70,70,70,70,70,70
417,Castform,351,Water,,420,70,70,70,70,70,70
418,Castform,351,Ice,,420,70,70,70,70,70,70
419,Kecleon,352,Normal,,440,60,90,70,60,120,40
420,Shuppet,353,Ghost,,295,44,75,35,63,33,45
421,Banette,354,Ghost,,455,64,115,65,83,63,65
422,Banette,354,Ghost,,555,64,165,75,93,83,75
423,Duskull,355,Ghost,,295,20,40,90,30,90,25
424,Dusclops,356,Ghost,,455,40,70,130,60,130,25
425,Tropius,357,Grass,Flying,460,99,68,83,72,87,51
426,Chimecho,358,Psychic,,455,75,50,80,95,90,65
427,Absol,359,Dark,,465,65,130,60,75,60,75
428,Absol,359,Dark,,565,65,150,60,115,60,115
429,Wynaut,360,Psychic,,260,95,23,48,23,48,23
430,Snorunt,361,Ice,,300,50,50,50,50,50,50
431,Glalie,362,Ice,,480,80,80,80,80,80,80
432,Glalie,362,Ice,,580,80,120,80,120,80,100
433,Spheal,363,Ice,Water,290,70,40,50,55,50,25
434,Sealeo,364,Ice,Water,410,90,60,70,75,70,45
435,Walrein,365,Ice,Water,530,110,80,90,95,90,65
436,Clamperl,366,Water,,345,35,64,85,74,55,32
437,Huntail,367,Water,,485,55,104,105,94,75,52
438,Gorebyss,368,Water,,485,55,84,105,114,75,52
439,Relicanth,369,Water,Rock,485,100,90,130,45,65,55
440,Luvdisc,370,Water,,330,43,30,55,40,65,97
441,Bagon,371,Dragon,,300,45,75,60,40,30,50
442,Shelgon,372,Dragon,,420,65,95,100,60,50,50
443,Salamence,373,Dragon,Flying,600,95,135,80,110,80,100
444,Salamence,373,Dragon,Flying,700,95,145,130,120,90,120
445,Beldum,374,Steel,Psychic,300,40,55,80,35,60,30
446,Metang,375,Steel,Psychic,420,60,75,100,55,80,50
447,Metagross,376,Steel,Psychic,600,80,135,130,95,90,70
448,Metagross,376,Steel,Psychic,700,80,145,150,105,110,110
449,Regirock,377,Rock,,580,80,100,200,50,100,50
450,Regice,378,Ice,,580,80,50,100,100,200,50
451,Registeel,379,Steel,,580,80,75,150,75,150,50
452,Latias,380,Dragon,Psychic,600,80,80,90,110,130,110
453,Latias,380,Dragon,Psychic,700,80,100,120,140,150,110
454,Latios,381,Dragon,Psychic,600,80,90,80,130,110,110
455,Latios,381,Dragon,Psychic,700,80,130,100,160,120,110
456,Kyogre,382,Water,,670,100,100,90,150,140,90
457,Kyogre,382,Water,,770,100,150,90,180,160,90
458,Groudon,383,Ground,,670,100,150,140,100,90,90
459,Groudon,383,Ground,Fire,770,100,180,160,150,90,90
460,Rayquaza,384,Dragon,Flying,680,105,150,90,150,90,95
461,Rayquaza,384,Dragon,Flying,780,105,180,100,180,100,115
462,Jirachi,385,Steel,Psychic,600,100,100,100,100,100,100
463,Deoxys,386,Psychic,,600,50,150,50,150,50,150
464,Deoxys,386,Psychic,,600,50,180,20,180,20,150
465,Deoxys,386,Psychic,,600,50,70,160,70,160,90
466,Deoxys,386,Psychic,,600,50,95,90,95,90,180
467,Turtwig,387,Grass,,318,55,68,64,45,55,31
468,Grotle,388,Grass,,405,75,89,85,55,65,36
469,Torterra,389,Grass,Ground,525,95,109,105,75,85,56
470,Chimchar,390,Fire,,309,44,58,44,58,44,61
471,Monferno,391,Fire,Fighting,405,64,78,52,78,52,81
472,Infernape,392,Fire,Fighting,534,76,104,71,104,71,108
473,Piplup,393,Water,,314,53,51,53,61,56,40
474,Prinplup,394,Water,,405,64,66,68,81,76,50
475,Empoleon,395,Water,Steel,530,84,86,88,111,101,60
476,Starly,396,Normal,Flying,245,40,55,30,30,30,60
477,Staravia,397,Normal,Flying,340,55,75,50,40,40,80
478,Staraptor,398,Normal,Flying,485,85,120,70,50,60,100
479,Bidoof,399,Normal,,250,59,45,40,35,40,31
480,Bibarel,400,Normal,Water,410,79,85,60,55,60,71
481,Kricketot,401,Bug,,194,37,25,41,25,41,25
482,Kricketune,402,Bug,,384,77,85,51,55,51,65
483,Shinx,403,Electric,,263,45,65,34,40,34,45
484,Luxio,404,Electric,,363,60,85,49,60,49,60
485,Luxray,405,Electric,,523,80,120,79,95,79,70
486,Budew,406,Grass,Poison,280,40,30,35,50,70,55
487,Roserade,407,Grass,Poison,515,60,70,65,125,105,90
488,Cranidos,408,Rock,,350,67,125,40,30,30,58
489,Rampardos,409,Rock,,495,97,165,60,65,50,58
490,Shieldon,410,Rock,Steel,350,30,42,118,42,88,30
491,Bastiodon,411,Rock,Steel,495,60,52,168,47,138,30
492,Burmy,412,Bug,,224,40,29,45,29,45,36
493,Wormadam,413,Bug,Grass,424,60,59,85,79,105,36
494,Wormadam,413,Bug,Ground,424,60,79,105,59,85,36
495,Wormadam,413,Bug,Steel,424,60,69,95,69,95,36
496,Mothim,414,Bug,Flying,424,70,94,50,94,50,66
497,Combee,415,Bug,Flying,244,30,30,42,30,42,70
498,Vespiquen,416,Bug,Flying,474,70,80,102,80,102,40
499,Pachirisu,417,Electric,,405,60,45,70,45,90,95
500,Buizel,418,Water,,330,55,65,35,60,30,85
501,Floatzel,419,Water,,495,85,105,55,85,50,115
502,Cherubi,420,Grass,,275,45,35,45,62,53,35
503,Cherrim,421,Grass,,450,70,60,70,87,78,85
504,Shellos,422,Water,,325,76,48,48,57,62,34
505,Gastrodon,423,Water,Ground,475,111,83,68,92,82,39
506,Ambipom,424,Normal,,482,75,100,66,60,66,115
507,Drifloon,425,Ghost,Flying,348,90,50,34,60,44,70
508,Drifblim,426,Ghost,Flying,498,150,80,44,90,54,80
509,Buneary,427,Normal,,350,55,66,44,44,56,85
510,Lopunny,428,Normal,,480,65,76,84,54,96,105
511,Lopunny,428,Normal,Fighting,580,65,136,94,54,96,135
512,Mismagius,429,Ghost,,495,60,60,60,105,105,105
513,Honchkrow,430,Dark,Flying,505,100,125,52,105,52,71
514,Glameow,431,Normal,,310,49,55,42,42,37,85
515,Purugly,432,Normal,,452,71,82,64,64,59,112
516,Chingling,433,Psychic,,285,45,30,50,65,50,45
517,Stunky,434,Poison,Dark,329,63,63,47,41,41,74
518,Skuntank,435,Poison,Dark,479,103,93,67,71,61,84
519,Bronzor,436,Steel,Psychic,300,57,24,86,24,86,23
520,Bronzong,437,Steel,Psychic,500,67,89,116,79,116,33
521,Bonsly,438,Rock,,290,50,80,95,10,45,10
522,Mime Jr.,439,Psychic,Fairy,310,20,25,45,70,90,60
523,Happiny,440,Normal,,220,100,5,5,15,65,30
524,Chatot,441,Normal,Flying,411,76,65,45,92,42,91
525,Spiritomb,442,Ghost,Dark,485,50,92,108,92,108,35
526,Gible,443,Dragon,Ground,300,58,70,45,40,45,42
527,Gabite,444,Dragon,Ground,410,68,90,65,50,55,82
528,Garchomp,445,Dragon,Ground,600,108,130,95,80,85,102
529,Garchomp,445,Dragon,Ground,700,108,170,115,120,95,92
530,Munchlax,446,Normal,,390,135,85,40,40,85,5
531,Riolu,447,Fighting,,285,40,70,40,35,40,60
532,Lucario,448,Fighting,Steel,525,70,110,70,115,70,90
533,Lucario,448,Fighting,Steel,625,70,145,88,140,70,112
534,Hippopotas,449,Ground,,330,68,72,78,38,42,32
535,Hippowdon,450,Ground,,525,108,112,118,68,72,47
536,Skorupi,451,Poison,Bug,330,40,50,90,30,55,65
537,Drapion,452,Poison,Dark,500,70,90,110,60,75,95
538,Croagunk,453,Poison,Fighting,300,48,61,40,61,40,50
539,Toxicroak,454,Poison,Fighting,490,83,106,65,86,65,85
540,Carnivine,455,Grass,,454,74,100,72,90,72,46
541,Finneon,456,Water,,330,49,49,56,49,61,66
542,Lumineon,457,Water,,460,69,69,76,69,86,91
543,Mantyke,458,Water,Flying,345,45,20,50,60,120,50
544,Snover,459,Grass,Ice,334,60,62,50,62,60,40
545,Abomasnow,460,Grass,Ice,494,90,92,75,92,85,60
546,Abomasnow,460,Grass,Ice,594,90,132,105,132,105,30
547,Weavile,461,Dark,Ice,510,70,120,65,45,85,125
548,Magnezone,462,Electric,Steel,535,70,70,115,130,90,60
549,Lickilicky,463,Normal,,515,110,85,95,80,95,50
550,Rhyperior,464,Ground,Rock,535,115,140,130,55,55,40
551,Tangrowth,465,Grass,,535,100,100,125,110,50,50
552,Electivire,466,Electric,,540,75,123,67,95,85,95
553,Magmortar,467,Fire,,540,75,95,67,125,95,83
554,Togekiss,468,Fairy,Flying,545,85,50,95,120,115,80
555,Yanmega,469,Bug,Flying,515,86,76,86,116,56,95
556,Leafeon,470,Grass,,525,65,110,130,60,65,95
557,Glaceon,471,Ice,,525,65,60,110,130,95,65
558,Gliscor,472,Ground,Flying,510,75,95,125,45,75,95
559,Mamoswine,473,Ice,Ground,530,110,130,80,70,60,80
560,Porygon-Z,474,Normal,,535,85,80,70,135,75,90
561,Gallade,475,Psychic,Fighting,518,68,125,65,65,115,80
562,Gallade,475,Psychic,Fighting,618,68,165,95,65,115,110
563,Probopass,476,Rock,Steel,525,60,55,145,75,150,40
564,Dusknoir,477,Ghost,,525,45,100,135,65,135,45
565,Froslass,478,Ice,Ghost,480,70,80,70,80,70,110
566,Rotom,479,Electric,Ghost,440,50,50,77,95,77,91
567,Rotom,479,Electric,Fire,520,50,65,107,105,107,86
568,Rotom,479,Electric,Water,520,50,65,107,105,107,86
569,Rotom,479,Electric,Ice,520,50,65,107,105,107,86
570,Rotom,479,Electric,Flying,520,50,65,107,105,107,86
571,Rotom,479,Electric,Grass,520,50,65,107,105,107,86
572,Uxie,480,Psychic,,580,75,75,130,75,130,95
573,Mesprit,481,Psychic,,580,80,105,105,105,105,80
574,Azelf,482,Psychic,,580,75,125,70,125,70,115
575,Dialga,483,Steel,Dragon,680,100,120,120,150,100,90
576,Palkia,484,Water,Dragon,680,90,120,100,150,120,100
577,Heatran,485,Fire,Steel,600,91,90,106,130,106,77
578,Regigigas,486,Normal,,670,110,160,110,80,110,100
579,Giratina,487,Ghost,Dragon,680,150,100,120,100,120,90
580,Giratina,487,Ghost,Dragon,680,150,120,100,120,100,90
581,Cresselia,488,Psychic,,600,120,70,120,75,130,85
582,Phione,489,Water,,480,80,80,80,80,80,80
583,Manaphy,490,Water,,600,100,100,100,100,100,100
584,Darkrai,491,Dark,,600,70,90,90,135,90,125
585,Shaymin,492,Grass,,600,100,100,100,100,100,100
586,Shaymin,492,Grass,Flying,600,100,103,75,120,75,127
587,Arceus,493,Normal,,720,120,120,120,120,120,120
588,Victini,494,Psychic,Fire,600,100,100,100,100,100,100
589,Snivy,495,Grass,,308,45,45,55,45,55,63
590,Servine,496,Grass,,413,60,60,75,60,75,83
591,Serperior,497,Grass,,528,75,75,95,75,95,113
592,Tepig,498,Fire,,308,65,63,45,45,45,45
593,Pignite,499,Fire,Fighting,418,90,93,55,70,55,55
594,Emboar,500,Fire,Fighting,528,110,123,65,100,65,65
595,Oshawott,501,Water,,308,55,55,45,63,45,45
596,Dewott,502,Water,,413,75,75,60,83,60,60
597,Samurott,503,Water,,528,95,100,85,108,70,70
598,Patrat,504,Normal,,255,45,55,39,35,39,42
599,Watchog,505,Normal,,420,60,85,69,60,69,77
600,Lillipup,506,Normal,,275,45,60,45,25,45,55
601,Herdier,507,Normal,,370,65,80,65,35,65,60
602,Stoutland,508,Normal,,500,85,110,90,45,90,80
603,Purrloin,509,Dark,,281,41,50,37,50,37,66
604,Liepard,510,Dark,,446,64,88,50,88,50,106
605,Pansage,511,Grass,,316,50,53,48,53,48,64
606,Simisage,512,Grass,,498,75,98,63,98,63,101
607,Pansear,513,Fire,,316,50,53,48,53,48,64
608,Simisear,514,Fire,,498,75,98,63,98,63,101
609,Panpour,515,Water,,316,50,53,48,53,48,64
610,Simipour,516,Water,,498,75,98,63,98,63,101
611,Munna,517,Psychic,,292,76,25,45,67,55,24
612,Musharna,518,Psychic,,487,116,55,85,107,95,29
613,Pidove,519,Normal,Flying,264,50,55,50,36,30,43
614,Tranquill,520,Normal,Flying,358,62,77,62,50,42,65
615,Unfezant,521,Normal,Flying,488,80,115,80,65,55,93
616,Blitzle,522,Electric,,295,45,60,32,50,32,76
617,Zebstrika,523,Electric,,497,75,100,63,80,63,116
618,Roggenrola,524,Rock,,280,55,75,85,25,25,15
619,Boldore,525,Rock,,390,70,105,105,50,40,20
620,Gigalith,526,Rock,,515,85,135,130,60,80,25
621,Woobat,527,Psychic,Flying,323,65,45,43,55,43,72
622,Swoobat,528,Psychic,Flying,425,67,57,55,77,55,114
623,Drilbur,529,Ground,,328,60,85,40,30,45,68
624,Excadrill,530,Ground,Steel,508,110,135,60,50,65,88
625,Audino,531,Normal,,445,103,60,86,60,86,50
626,Audino,531,Normal,Fairy,545,103,60,126,80,126,50
627,Timburr,532,Fighting,,305,75,80,55,25,35,35
628,Gurdurr,533,Fighting,,405,85,105,85,40,50,40
629,Conkeldurr,534,Fighting,,505,105,140,95,55,65,45
630,Tympole,535,Water,,294,50,50,40,50,40,64
631,Palpitoad,536,Water,Ground,384,75,65,55,65,55,69
632,Seismitoad,537,Water,Ground,509,105,95,75,85,75,74
633,Throh,538,Fighting,,465,120,100,85,30,85,45
634,Sawk,539,Fighting,,465,75,125,75,30,75,85
635,Sewaddle,540,Bug,Grass,310,45,53,70,40,60,42
636,Swadloon,541,Bug,Grass,380,55,63,90,50,80,42
637,Leavanny,542,Bug,Grass,500,75,103,80,70,80,92
638,Venipede,543,Bug,Poison,260,30,45,59,30,39,57
639,Whirlipede,544,Bug,Poison,360,40,55,99,40,79,47
640,Scolipede,545,Bug,Poison,485,60,100,89,55,69,112
641,Cottonee,546,Grass,Fairy,280,40,27,60,37,50,66
642,Whimsicott,547,Grass,Fairy,480,60,67,85,77,75,116
643,Petilil,548,Grass,,280,45,35,50,70,50,30
644,Lilligant,549,Grass,,480,70,60,75,110,75,90
645,Basculin,550,Water,,460,70,92,65,80,55,98
647,Sandile,551,Ground,Dark,292,50,72,35,35,35,65
648,Krokorok,552,Ground,Dark,351,60,82,45,45,45,74
649,Krookodile,553,Ground,Dark,519,95,117,80,65,70,92
650,Darumaka,554,Fire,,315,70,90,45,15,45,50
651,Darumaka,554,Ice,,315,70,90,45,15,45,50
652,Darmanitan,555,Fire,,480,105,140,55,30,55,95
653,Darmanitan,555,Fire,Psychic,540,105,30,105,140,105,55
654,Darmanitan,555,Ice,,480,105,140,55,30,55,95
655,Darmanitan,555,Ice,Fire,540,105,160,55,30,55,135
656,Maractus,556,Grass,,461,75,86,67,106,67,60
657,Dwebble,557,Bug,Rock,325,50,65,85,35,35,55
658,Crustle,558,Bug,Rock,485,70,105,125,65,75,45
659,Scraggy,559,Dark,Fighting,348,50,75,70,35,70,48
660,Scrafty,560,Dark,Fighting,488,65,90,115,45,115,58
661,Sigilyph,561,Psychic,Flying,490,72,58,80,103,80,97
662,Yamask,562,Ghost,,303,38,30,85,55,65,30
663,Yamask,562,Ground,Ghost,303,38,55,85,30,65,30
664,Cofagrigus,563,Ghost,,483,58,50,145,95,105,30
665,Tirtouga,564,Water,Rock,355,54,78,103,53,45,22
666,Carracosta,565,Water,Rock,495,74,108,133,83,65,32
667,Archen,566,Rock,Flying,401,55,112,45,74,45,70
668,Archeops,567,Rock,Flying,567,75,140,65,112,65,110
669,Trubbish,568,Poison,,329,50,50,62,40,62,65
670,Garbodor,569,Poison,,474,80,95,82,60,82,75
671,Zorua,570,Dark,,330,40,65,40,80,40,65
672,Zoroark,571,Dark,,510,60,105,60,120,60,105
673,Minccino,572,Normal,,300,55,50,40,40,40,75
674,Cinccino,573,Normal,,470,75,95,60,65,60,115
675,Gothita,574,Psychic,,290,45,30,50,55,65,45
676,Gothorita,575,Psychic,,390,60,45,70,75,85,55
677,Gothitelle,576,Psychic,,490,70,55,95,95,110,65
678,Solosis,577,Psychic,,290,45,30,40,105,50,20
679,Duosion,578,Psychic,,370,65,40,50,125,60,30
680,Reuniclus,579,Psychic,,490,110,65,75,125,85,30
681,Ducklett,580,Water,Flying,305,62,44,50,44,50,55
682,Swanna,581,Water,Flying,473,75,87,63,87,63,98
683,Vanillite,582,Ice,,305,36,50,50,65,60,44
684,Vanillish,583,Ice,,395,51,65,65,80,75,59
685,Vanilluxe,584,Ice,,535,71,95,85,110,95,79
686,Deerling,585,Normal,Grass,335,60,60,50,40,50,75
687,Sawsbuck,586,Normal,Grass,475,80,100,70,60,70,95
688,Emolga,587,Electric,Flying,428,55,75,60,75,60,103
689,Karrablast,588,Bug,,315,50,75,45,40,45,60
690,Escavalier,589,Bug,Steel,495,70,135,105,60,105,20
691,Foongus,590,Grass,Poison,294,69,55,45,55,55,15
692,Amoonguss,591,Grass,Poison,464,114,85,70,85,80,30
693,Frillish,592,Water,Ghost,335,55,40,50,65,85,40
694,Jellicent,593,Water,Ghost,480,100,60,70,85,105,60
695,Alomomola,594,Water,,470,165,75,80,40,45,65
696,Joltik,595,Bug,Electric,319,50,47,50,57,50,65
697,Galvantula,596,Bug,Electric,472,70,77,60,97,60,108
698,Ferroseed,597,Grass,Steel,305,44,50,91,24,86,10
699,Ferrothorn,598,Grass,Steel,489,74,94,131,54,116,20
700,Klink,599,Steel,,300,40,55,70,45,60,30
701,Klang,600,Steel,,440,60,80,95,70,85,50
702,Klinklang,601,Steel,,520,60,100,115,70,85,90
703,Tynamo,602,Electric,,275,35,55,40,45,40,60
704,Eelektrik,603,Electric,,405,65,85,70,75,70,40
705,Eelektross,604,Electric,,515,85,115,80,105,80,50
706,Elgyem,605,Psychic,,335,55,55,55,85,55,30
707,Beheeyem,606,Psychic,,485,75,75,75,125,95,40
708,Litwick,607,Ghost,Fire,275,50,30,55,65,55,20
709,Lampent,608,Ghost,Fire,370,60,40,60,95,60,55
710,Chandelure,609,Ghost,Fire,520,60,55,90,145,90,80
711,Axew,610,Dragon,,320,46,87,60,30,40,57
712,Fraxure,611,Dragon,,410,66,117,70,40,50,67
713,Haxorus,612,Dragon,,540,76,147,90,60,70,97
714,Cubchoo,613,Ice,,305,55,70,40,60,40,40
715,Beartic,614,Ice,,505,95,130,80,70,80,50
716,Cryogonal,615,Ice,,515,80,50,50,95,135,105
717,Shelmet,616,Bug,,305,50,40,85,40,65,25
718,Accelgor,617,Bug,,495,80,70,40,100,60,145
719,Stunfisk,618,Ground,Electric,471,109,66,84,81,99,32
720,Stunfisk,618,Ground,Steel,471,109,81,99,66,84,32
721,Mienfoo,619,Fighting,,350,45,85,50,55,50,65
722,Mienshao,620,Fighting,,510,65,125,60,95,60,105
723,Druddigon,621,Dragon,,485,77,120,90,60,90,48
724,Golett,622,Ground,Ghost,303,59,74,50,35,50,35
725,Golurk,623,Ground,Ghost,483,89,124,80,55,80,55
726,Pawniard,624,Dark,Steel,340,45,85,70,40,40,60
727,Bisharp,625,Dark,Steel,490,65,125,100,60,70,70
728,Bouffalant,626,Normal,,490,95,110,95,40,95,55
729,Rufflet,627,Normal,Flying,350,70,83,50,37,50,60
730,Braviary,628,Normal,Flying,510,100,123,75,57,75,80
731,Vullaby,629,Dark,Flying,370,70,55,75,45,65,60
732,Mandibuzz,630,Dark,Flying,510,110,65,105,55,95,80
733,Heatmor,631,Fire,,484,85,97,66,105,66,65
734,Durant,632,Bug,Steel,484,58,109,112,48,48,109
735,Deino,633,Dark,Dragon,300,52,65,50,45,50,38
736,Zweilous,634,Dark,Dragon,420,72,85,70,65,70,58
737,Hydreigon,635,Dark,Dragon,600,92,105,90,125,90,98
738,Larvesta,636,Bug,Fire,360,55,85,55,50,55,60
739,Volcarona,637,Bug,Fire,550,85,60,65,135,105,100
740,Cobalion,638,Steel,Fighting,580,91,90,129,90,72,108
741,Terrakion,639,Rock,Fighting,580,91,129,90,72,90,108
742,Virizion,640,Grass,Fighting,580,91,90,72,90,129,108
743,Tornadus,641,Flying,,580,79,115,70,125,80,111
744,Tornadus,641,Flying,,580,79,100,80,110,90,121
745,Thundurus,642,Electric,Flying,580,79,115,70,125,80,111
746,Thundurus,642,Electric,Flying,580,79,105,70,145,80,101
747,Reshiram,643,Dragon,Fire,680,100,120,100,150,120,90
748,Zekrom,644,Dragon,Electric,680,100,150,120,120,100,90
749,Landorus,645,Ground,Flying,600,89,125,90,115,80,101
750,Landorus,645,Ground,Flying,600,89,145,90,105,80,91
751,Kyurem,646,Dragon,Ice,660,125,130,90,130,90,95
752,Kyurem,646,Dragon,Ice,700,125,170,100,120,90,95
753,Kyurem,646,Dragon,Ice,700,125,120,90,170,100,95
754,Keldeo,647,Water,Fighting,580,91,72,90,129,90,108
756,Meloetta,648,Normal,Psychic,600,100,77,77,128,128,90
757,Meloetta,648,Normal,Fighting,600,100,128,90,77,77,128
758,Genesect,649,Bug,Steel,600,71,120,95,120,95,99
759,Chespin,650,Grass,,313,56,61,65,48,45,38
760,Quilladin,651,Grass,,405,61,78,95,56,58,57
761,Chesnaught,652,Grass,Fighting,530,88,107,122,74,75,64
762,Fennekin,653,Fire,,307,40,45,40,62,60,60
763,Braixen,654,Fire,,409,59,59,58,90,70,73
764,Delphox,655,Fire,Psychic,534,75,69,72,114,100,104
765,Froakie,656,Water,,314,41,56,40,62,44,71
766,Frogadier,657,Water,,405,54,63,52,83,56,97
767,Greninja,658,Water,Dark,530,72,95,67,103,71,122
768,Greninja,658,Water,Dark,640,72,145,67,153,71,132
769,Bunnelby,659,Normal,,237,38,36,38,32,36,57
770,Diggersby,660,Normal,Ground,423,85,56,77,50,77,78
771,Fletchling,661,Normal,Flying,278,45,50,43,40,38,62
772,Fletchinder,662,Fire,Flying,382,62,73,55,56,52,84
773,Talonflame,663,Fire,Flying,499,78,81,71,74,69,126
774,Scatterbug,664,Bug,,200,38,35,40,27,25,35
775,Spewpa,665,Bug,,213,45,22,60,27,30,29
776,Vivillon,666,Bug,Flying,411,80,52,50,90,50,89
777,Litleo,667,Fire,Normal,369,62,50,58,73,54,72
778,Pyroar,668,Fire,Normal,507,86,68,72,109,66,106
779,Flabébé,669,Fairy,,303,44,38,39,61,79,42
780,Floette,670,Fairy,,371,54,45,47,75,98,52
781,Florges,671,Fairy,,552,78,65,68,112,154,75
782,Skiddo,672,Grass,,350,66,65,48,62,57,52
783,Gogoat,673,Grass,,531,123,100,62,97,81,68
784,Pancham,674,Fighting,,348,67,82,62,46,48,43
785,Pangoro,675,Fighting,Dark,495,95,124,78,69,71,58
786,Furfrou,676,Normal,,472,75,80,60,65,90,102
787,Espurr,677,Psychic,,355,62,48,54,63,60,68
788,Meowstic,678,Psychic,,466,74,48,76,83,81,104
790,Honedge,679,Steel,Ghost,325,45,80,100,35,37,28
791,Doublade,680,Steel,Ghost,448,59,110,150,45,49,35
792,Aegislash,681,Steel,Ghost,500,60,50,140,50,140,60
793,Aegislash,681,Steel,Ghost,500,60,140,50,140,50,60
794,Spritzee,682,Fairy,,341,78,52,60,63,65,23
795,Aromatisse,683,Fairy,,462,101,72,72,99,89,29
796,Swirlix,684,Fairy,,341,62,48,66,59,57,49
797,Slurpuff,685,Fairy,,480,82,80,86,85,75,72
798,Inkay,686,Dark,Psychic,288,53,54,53,37,46,45
799,Malamar,687,Dark,Psychic,482,86,92,88,68,75,73
800,Binacle,688,Rock,Water,306,42,52,67,39,56,50
801,Barbaracle,689,Rock,Water,500,72,105,115,54,86,68
802,Skrelp,690,Poison,Water,320,50,60,60,60,60,30
803,Dragalge,691,Poison,Dragon,494,65,75,90,97,123,44
804,Clauncher,692,Water,,330,50,53,62,58,63,44
805,Clawitzer,693,Water,,500,71,73,88,120,89,59
806,Helioptile,694,Electric,Normal,289,44,38,33,61,43,70
807,Heliolisk,695,Electric,Normal,481,62,55,52,109,94,109
808,Tyrunt,696,Rock,Dragon,362,58,89,77,45,45,48
809,Tyrantrum,697,Rock,Dragon,521,82,121,119,69,59,71
810,Amaura,698,Rock,Ice,362,77,59,50,67,63,46
811,Aurorus,699,Rock,Ice,521,123,77,72,99,92,58
812,Sylveon,700,Fairy,,525,95,65,65,110,130,60
813,Hawlucha,701,Fighting,Flying,500,78,92,75,74,63,118
814,Dedenne,702,Electric,Fairy,431,67,58,57,81,67,101
815,Carbink,703,Rock,Fairy,500,50,50,150,50,150,50
816,Goomy,704,Dragon,,300,45,50,35,55,75,40
817,Sliggoo,705,Dragon,,452,68,75,53,83,113,60
818,Goodra,706,Dragon,,600,90,100,70,110,150,80
819,Klefki,707,Steel,Fairy,470,57,80,91,80,87,75
820,Phantump,708,Ghost,Grass,309,43,70,48,50,60,38
821,Trevenant,709,Ghost,Grass,474,85,110,76,65,82,56
822,Pumpkaboo,710,Ghost,Grass,335,49,66,70,44,55,51
823,Pumpkaboo,710,Ghost,Grass,335,44,66,70,44,55,56
824,Pumpkaboo,710,Ghost,Grass,335,54,66,70,44,55,46
825,Pumpkaboo,710,Ghost,Grass,335,59,66,70,44,55,41
826,Gourgeist,711,Ghost,Grass,494,65,90,122,58,75,84
827,Gourgeist,711,Ghost,Grass,494,55,85,122,58,75,99
828,Gourgeist,711,Ghost,Grass,494,75,95,122,58,75,69
829,Gourgeist,711,Ghost,Grass,494,85,100,122,58,75,54
830,Bergmite,712,Ice,,304,55,69,85,32,35,28
831,Avalugg,713,Ice,,514,95,117,184,44,46,28
832,Noibat,714,Flying,Dragon,245,40,30,35,45,40,55
833,Noivern,715,Flying,Dragon,535,85,70,80,97,80,123
834,Xerneas,716,Fairy,,680,126,131,95,131,98,99
835,Yveltal,717,Dark,Flying,680,126,131,95,131,98,99
836,Zygarde,718,Dragon,Ground,600,108,100,121,81,95,95
837,Zygarde,718,Dragon,Ground,486,54,100,71,61,85,115
838,Zygarde,718,Dragon,Ground,708,216,100,121,91,95,85
839,Diancie,719,Rock,Fairy,600,50,100,150,100,150,50
840,Diancie,719,Rock,Fairy,700,50,160,110,160,110,110
841,Hoopa,720,Psychic,Ghost,600,80,110,60,150,130,70
842,Hoopa,720,Psychic,Dark,680,80,160,60,170,130,80
843,Volcanion,721,Fire,Water,600,80,110,120,130,90,70
844,Rowlet,722,Grass,Flying,320,68,55,55,50,50,42
845,Dartrix,723,Grass,Flying,420,78,75,75,70,70,52
846,Decidueye,724,Grass,Ghost,530,78,107,75,100,100,70
847,Litten,725,Fire,,320,45,65,40,60,40,70
848,Torracat,726,Fire,,420,65,85,50,80,50,90
849,Incineroar,727,Fire,Dark,530,95,115,90,80,90,60
850,Popplio,728,Water,,320,50,54,54,66,56,40
851,Brionne,729,Water,,420,60,69,69,91,81,50
852,Primarina,730,Water,Fairy,530,80,74,74,126,116,60
853,Pikipek,731,Normal,Flying,265,35,75,30,30,30,65
854,Trumbeak,732,Normal,Flying,355,55,85,50,40,50,75
855,Toucannon,733,Normal,Flying,485,80,120,75,75,75,60
856,Yungoos,734,Normal,,253,48,70,30,30,30,45
857,Gumshoos,735,Normal,,418,88,110,60,55,60,45
858,Grubbin,736,Bug,,300,47,62,45,55,45,46
859,Charjabug,737,Bug,Electric,400,57,82,95,55,75,36
860,Vikavolt,738,Bug,Electric,500,77,70,90,145,75,43
861,Crabrawler,739,Fighting,,338,47,82,57,42,47,63
862,Crabominable,740,Fighting,Ice,478,97,132,77,62,67,43
863,Oricorio,741,Fire,Flying,476,75,70,70,98,70,93
864,Oricorio,741,Electric,Flying,476,75,70,70,98,70,93
865,Oricorio,741,Psychic,Flying,476,75,70,70,98,70,93
866,Oricorio,741,Ghost,Flying,476,75,70,70,98,70,93
867,Cutiefly,742,Bug,Fairy,304,40,45,40,55,40,84
868,Ribombee,743,Bug,Fairy,464,60,55,60,95,70,124
869,Rockruff,744,Rock,,280,45,65,40,30,40,60
871,Lycanroc,745,Rock,,487,75,115,65,55,65,112
872,Lycanroc,745,Rock,,487,85,115,75,55,75,82
873,Lycanroc,745,Rock,,487,75,117,65,55,65,110
874,Wishiwashi,746,Water,,175,45,20,20,25,25,40
875,Wishiwashi,746,Water,,620,45,140,130,140,135,30
876,Mareanie,747,Poison,Water,305,50,53,62,43,52,45
877,Toxapex,748,Poison,Water,495,50,63,152,53,142,35
878,Mudbray,749,Ground,,385,70,100,70,45,55,45
879,Mudsdale,750,Ground,,500,100,125,100,55,85,35
880,Dewpider,751,Water,Bug,269,38,40,52,40,72,27
881,Araquanid,752,Water,Bug,454,68,70,92,50,132,42
882,Fomantis,753,Grass,,250,40,55,35,50,35,35
883,Lurantis,754,Grass,,480,70,105,90,80,90,45
884,Morelull,755,Grass,Fairy,285,40,35,55,65,75,15
885,Shiinotic,756,Grass,Fairy,405,60,45,80,90,100,30
886,Salandit,757,Poison,Fire,320,48,44,40,71,40,77
887,Salazzle,758,Poison,Fire,480,68,64,60,111,60,117
888,Stufful,759,Normal,Fighting,340,70,75,50,45,50,50
889,Bewear,760,Normal,Fighting,500,120,125,80,55,60,60
890,Bounsweet,761,Grass,,210,42,30,38,30,38,32
891,Steenee,762,Grass,,290,52,40,48,40,48,62
892,Tsareena,763,Grass,,510,72,120,98,50,98,72
893,Comfey,764,Fairy,,485,51,52,90,82,110,100
894,Oranguru,765,Normal,Psychic,490,90,60,80,90,110,60
895,Passimian,766,Fighting,,490,100,120,90,40,60,80
896,Wimpod,767,Bug,Water,230,25,35,40,20,30,80
897,Golisopod,768,Bug,Water,530,75,125,140,60,90,40
898,Sandygast,769,Ghost,Ground,320,55,55,80,70,45,15
899,Palossand,770,Ghost,Ground,480,85,75,110,100,75,35
900,Pyukumuku,771,Water,,410,55,60,130,30,130,5
901,Type: Null,772,Normal,,534,95,95,95,95,95,59
902,Silvally,773,Normal,,570,95,95,95,95,95,95
903,Minior,774,Rock,Flying,440,60,60,100,60,100,60
904,Minior,774,Rock,Flying,500,60,100,60,100,60,120
905,Komala,775,Normal,,480,65,115,65,75,95,65
906,Turtonator,776,Fire,Dragon,485,60,78,135,91,85,36
907,Togedemaru,777,Electric,Steel,435,65,98,63,40,73,96
908,Mimikyu,778,Ghost,Fairy,476,55,90,80,50,105,96
909,Bruxish,779,Water,Psychic,475,68,105,70,70,70,92
910,Drampa,780,Normal,Dragon,485,78,60,85,135,91,36
911,Dhelmise,781,Ghost,Grass,517,70,131,100,86,90,40
912,Jangmo-o,782,Dragon,,300,45,55,65,45,45,45
913,Hakamo-o,783,Dragon,Fighting,420,55,75,90,65,70,65
914,Kommo-o,784,Dragon,Fighting,600,75,110,125,100,105,85
915,Tapu Koko,785,Electric,Fairy,570,70,115,85,95,75,130
916,Tapu Lele,786,Psychic,Fairy,570,70,85,75,130,115,95
917,Tapu Bulu,787,Grass,Fairy,570,70,130,115,85,95,75
918,Tapu Fini,788,Water,Fairy,570,70,75,115,95,130,85
919,Cosmog,789,Psychic,,200,43,29,31,29,31,37
920,Cosmoem,790,Psychic,,400,43,29,131,29,131,37
921,Solgaleo,791,Psychic,Steel,680,137,137,107,113,89,97
922,Lunala,792,Psychic,Ghost,680,137,113,89,137,107,97
923,Nihilego,793,Rock,Poison,570,109,53,47,127,131,103
924,Buzzwole,794,Bug,Fighting,570,107,139,139,53,53,79
925,Pheromosa,795,Bug,Fighting,570,71,137,37,137,37,151
926,Xurkitree,796,Electric,,570,83,89,71,173,71,83
927,Celesteela,797,Steel,Flying,570,97,101,103,107,101,61
928,Kartana,798,Grass,Steel,570,59,181,131,59,31,109
929,Guzzlord,799,Dark,Dragon,570,223,101,53,97,53,43
930,Necrozma,800,Psychic,,600,97,107,101,127,89,79
931,Necrozma,800,Psychic,Steel,680,97,157,127,113,109,77
932,Necrozma,800,Psychic,Ghost,680,97,113,109,157,127,77
933,Necrozma,800,Psychic,Dragon,754,97,167,97,167,97,129
934,Magearna,801,Steel,Fairy,600,80,95,115,130,115,65
935,Marshadow,802,Fighting,Ghost,600,90,125,80,90,90,125
936,Poipole,803,Poison,,420,67,73,67,73,67,73
937,Naganadel,804,Poison,Dragon,540,73,73,73,127,73,121
938,Stakataka,805,Rock,Steel,570,61,131,211,53,101,13
939,Blacephalon,806,Fire,Ghost,570,53,127,53,151,79,107
940,Zeraora,807,Electric,,600,88,112,75,102,80,143
941,Meltan,808,Steel,,300,46,65,65,55,35,34
942,Melmetal,809,Steel,,600,135,143,143,80,65,34
943,Grookey,810,Grass,,310,50,65,50,40,40,65
944,Thwackey,811,Grass,,420,70,85,70,55,60,80
945,Rillaboom,812,Grass,,530,100,125,90,60,70,85
946,Scorbunny,813,Fire,,310,50,71,40,40,40,69
947,Raboot,814,Fire,,420,65,86,60,55,60,94
948,Cinderace,815,Fire,,530,80,116,75,65,75,119
949,Sobble,816,Water,,310,50,40,40,70,40,70
950,Drizzile,817,Water,,420,65,60,55,95,55,90
951,Inteleon,818,Water,,530,70,85,65,125,65,120
952,Skwovet,819,Normal,,275,70,55,55,35,35,25
953,Greedent,820,Normal,,460,120,95,95,55,75,20
954,Rookidee,821,Flying,,245,38,47,35,33,35,57
955,Corvisquire,822,Flying,,365,68,67,55,43,55,77
956,Corviknight,823,Flying,Steel,495,98,87,105,53,85,67
957,Blipbug,824,Bug,,180,25,20,20,25,45,45
958,Dottler,825,Bug,Psychic,335,50,35,80,50,90,30
959,Orbeetle,826,Bug,Psychic,505,60,45,110,80,120,90
960,Nickit,827,Dark,,245,40,28,28,47,52,50
961,Thievul,828,Dark,,455,70,58,58,87,92,90
962,Gossifleur,829,Grass,,250,40,40,60,40,60,10
963,Eldegoss,830,Grass,,460,60,50,90,80,120,60
964,Wooloo,831,Normal,,270,42,40,55,40,45,48
965,Dubwool,832,Normal,,490,72,80,100,60,90,88
966,Chewtle,833,Water,,284,50,64,50,38,38,44
967,Drednaw,834,Water,Rock,485,90,115,90,48,68,74
968,Yamper,835,Electric,,270,59,45,50,40,50,26
969,Boltund,836,Electric,,490,69,90,60,90,60,121
970,Rolycoly,837,Rock,,240,30,40,50,40,50,30
971,Carkol,838,Rock,Fire,410,80,60,90,60,70,50
972,Coalossal,839,Rock,Fire,510,110,80,120,80,90,30
973,Applin,840,Grass,Dragon,260,40,40,80,40,40,20
974,Flapple,841,Grass,Dragon,485,70,110,80,95,60,70
975,Appletun,842,Grass,Dragon,485,110,85,80,100,80,30
976,Silicobra,843,Ground,,315,52,57,75,35,50,46
977,Sandaconda,844,Ground,,510,72,107,125,65,70,71
978,Cramorant,845,Flying,Water,475,70,85,55,85,95,85
979,Arrokuda,846,Water,,280,41,63,40,40,30,66
980,Barraskewda,847,Water,,490,61,123,60,60,50,136
981,Toxel,848,Electric,Poison,242,40,38,35,54,35,40
982,Toxtricity,849,Electric,Poison,502,75,98,70,114,70,75
984,Sizzlipede,850,Fire,Bug,305,50,65,45,50,50,45
985,Centiskorch,851,Fire,Bug,525,100,115,65,90,90,65
986,Clobbopus,852,Fighting,,310,50,68,60,50,50,32
987,Grapploct,853,Fighting,,480,80,118,90,70,80,42
988,Sinistea,854,Ghost,,308,40,45,45,74,54,50
989,Polteageist,855,Ghost,,508,60,65,65,134,114,70
990,Hatenna,856,Psychic,,265,42,30,45,56,53,39
991,Hattrem,857,Psychic,,370,57,40,65,86,73,49
992,Hatterene,858,Psychic,Fairy,510,57,90,95,136,103,29
993,Impidimp,859,Dark,Fairy,265,45,45,30,55,40,50
994,Morgrem,860,Dark,Fairy,370,65,60,45,75,55,70
995,Grimmsnarl,861,Dark,Fairy,510,95,120,65,95,75,60
996,Obstagoon,862,Dark,Normal,520,93,90,101,60,81,95
997,Perrserker,863,Steel,,440,70,110,100,50,60,50
998,Cursola,864,Ghost,,510,60,95,50,145,130,30
999,Sirfetch'd,865,Fighting,,507,62,135,95,68,82,65
1000,Mr. Rime,866,Psychic,Ice,520,80,85,75,110,100,70
1001,Runerigus,867,Ground,Ghost,483,58,95,145,50,105,30
1002,Milcery,868,Fairy,,270,45,40,40,50,61,34
1003,Alcremie,869,Fairy,,495,65,60,75,110,121,64
1004,Falinks,870,Fighting,,470,65,100,100,70,60,75
1005,Pincurchin,871,Electric,,435,48,101,95,91,85,15
1006,Snom,872,Ice,Bug,185,30,25,35,45,30,20
1007,Frosmoth,873,Ice,Bug,475,70,65,60,125,90,65
1008,Stonjourner,874,Rock,,470,100,125,135,20,20,70
1009,Eiscue,875,Ice,,470,75,80,110,65,90,50
1010,Eiscue,875,Ice,,470,75,80,70,65,50,130
1011,Indeedee,876,Psychic,Normal,475,60,65,55,105,95,95
1012,Indeedee,876,Psychic,Normal,475,70,55,65,95,105,85
1013,Morpeko,877,Electric,Dark,436,58,95,58,70,58,97
1015,Cufant,878,Steel,,330,72,80,49,40,49,40
1016,Copperajah,879,Steel,,500,122,130,69,80,69,30
1017,Dracozolt,880,Electric,Dragon,505,90,100,90,80,70,75
1018,Arctozolt,881,Electric,Ice,505,90,100,90,90,80,55
1019,Dracovish,882,Water,Dragon,505,90,90,100,70,80,75
1020,Arctovish,883,Water,Ice,505,90,90,100,80,90,55
1021,Duraludon,884,Steel,Dragon,535,70,95,115,120,50,85
1022,Dreepy,885,Dragon,Ghost,270,28,60,30,40,30,82
1023,Drakloak,886,Dragon,Ghost,410,68,80,50,60,50,102
1024,Dragapult,887,Dragon,Ghost,600,88,120,75,100,75,142
1025,Zacian,888,Fairy,Steel,720,92,170,115,80,115,148
1026,Zacian,888,Fairy,,670,92,130,115,80,115,138
1027,Zamazenta,889,Fighting,Steel,720,92,130,145,80,145,128
1028,Zamazenta,889,Fighting,,670,92,130,115,80,115,138
1029,Eternatus,890,Poison,Dragon,690,140,85,95,145,95,130
1030,Eternatus,890,Poison,Dragon,1125,255,115,250,125,250,130
1031,Kubfu,891,Fighting,,385,60,90,60,53,50,72
1032,Urshifu,892,Fighting,Dark,550,100,130,100,63,60,97
1033,Urshifu,892,Fighting,Water,550,100,130,100,63,60,97
1034,Zarude,893,Dark,Grass,600,105,120,105,70,95,105
